reps,gt_mean_ns,gt_std_ns,gt_min_ns,gt_max_ns,gt_per_iter_ns,gt_tick_min_ns,gt_tick_mode_ns,gt_tick_gcd_ns,clk_mean_cycles,clk_std_cycles,clk_min_cycles,clk_max_cycles,clk_per_iter_cycles,clk_per_iter_ns_at_GHz,clk_tick_min_cycles
0,0.0,0.0,0,0,nan,32,32,32,5.0,0.0,5,5,nan,nan,7
1,0.0,0.0,0,0,0.0,32,32,32,7.0,0.0,7,7,7.0,4.166666666666667,7
2,0.0,0.0,0,0,0.0,32,32,32,10.0,0.0,10,10,5.0,2.9761904761904763,7
3,32.0,0.0,32,32,10.666666666666666,32,32,32,14.0,0.0,14,14,4.666666666666667,2.777777777777778,7
4,0.0,0.0,0,0,0.0,32,32,32,18.0,0.0,18,18,4.5,2.6785714285714284,7
5,0.0,0.0,0,0,0.0,32,32,32,22.0,0.0,22,22,4.4,2.619047619047619,7
6,32.0,0.0,32,32,5.333333333333333,32,32,32,26.0,0.0,26,26,4.333333333333333,2.579365079365079,7
7,32.0,0.0,32,32,4.571428571428571,32,32,32,30.0,0.0,30,30,4.285714285714286,2.5510204081632653,7
8,32.0,0.0,32,32,4.0,32,32,32,34.0,0.0,34,34,4.25,2.5297619047619047,7
9,32.0,0.0,32,32,3.5555555555555554,32,32,32,38.0,0.0,38,38,4.222222222222222,2.5132275132275135,7
10,0.0,0.0,0,0,0.0,32,32,32,42.0,0.0,42,42,4.2,2.5,7
11,32.0,0.0,32,32,2.909090909090909,32,32,32,46.0,0.0,46,46,4.181818181818182,2.489177489177489,7
12,32.0,0.0,32,32,2.6666666666666665,32,32,32,50.0,0.0,50,50,4.166666666666667,2.4801587301587302,7
13,32.0,0.0,32,32,2.4615384615384617,32,32,32,54.0,0.0,54,54,4.153846153846154,2.4725274725274726,7
14,32.0,0.0,32,32,2.2857142857142856,32,32,32,58.0,0.0,58,58,4.142857142857143,2.4659863945578233,7
15,64.0,0.0,64,64,4.266666666666667,32,32,32,62.0,0.0,62,62,4.133333333333334,2.4603174603174605,7
16,32.0,0.0,32,32,2.0,32,32,32,66.0,0.0,66,66,4.125,2.455357142857143,7
17,32.0,0.0,32,32,1.8823529411764706,32,32,32,70.0,0.0,70,70,4.117647058823529,2.4509803921568625,7
18,32.0,0.0,32,32,1.7777777777777777,32,32,32,74.0,0.0,74,74,4.111111111111111,2.447089947089947,7
19,64.0,0.0,64,64,3.3684210526315788,32,32,32,78.0,0.0,78,78,4.105263157894737,2.4436090225563913,7
20,64.0,0.0,64,64,3.2,32,32,32,82.0,0.0,82,82,4.1,2.4404761904761902,7
21,32.0,0.0,32,32,1.5238095238095237,32,32,32,86.0,0.0,86,86,4.095238095238095,2.437641723356009,7
22,64.0,0.0,64,64,2.909090909090909,32,32,32,90.0,0.0,90,90,4.090909090909091,2.435064935064935,7
23,64.0,0.0,64,64,2.782608695652174,32,32,32,94.0,0.0,94,94,4.086956521739131,2.4327122153209113,7
24,64.0,0.0,64,64,2.6666666666666665,32,32,32,98.0,0.0,98,98,4.083333333333333,2.4305555555555554,7
25,64.0,0.0,64,64,2.56,32,32,32,102.0,0.0,102,102,4.08,2.4285714285714284,7
26,64.0,0.0,64,64,2.4615384615384617,32,32,32,106.0,0.0,106,106,4.076923076923077,2.4267399267399266,7
27,64.0,0.0,64,64,2.3703703703703702,32,32,32,110.0,0.0,110,110,4.074074074074074,2.4250440917107587,7
28,64.0,0.0,64,64,2.2857142857142856,32,32,32,114.0,0.0,114,114,4.071428571428571,2.4234693877551017,7
29,96.0,0.0,96,96,3.310344827586207,32,32,32,118.0,0.0,118,118,4.068965517241379,2.4220032840722494,7
30,64.0,0.0,64,64,2.1333333333333333,32,32,32,122.0,0.0,122,122,4.066666666666666,2.4206349206349205,7
31,64.0,0.0,64,64,2.064516129032258,32,32,32,126.0,0.0,126,126,4.064516129032258,2.4193548387096775,7
32,96.0,0.0,96,96,3.0,32,32,32,130.0,0.0,130,130,4.0625,2.418154761904762,7
33,64.0,0.0,64,64,1.9393939393939394,32,32,32,134.0,0.0,134,134,4.0606060606060606,2.417027417027417,7
34,64.0,0.0,64,64,1.8823529411764706,32,32,32,138.0,0.0,138,138,4.0588235294117645,2.4159663865546217,7
35,64.0,0.0,64,64,1.8285714285714285,32,32,32,142.0,0.0,142,142,4.057142857142857,2.4149659863945576,7
36,96.0,0.0,96,96,2.6666666666666665,32,32,32,146.0,0.0,146,146,4.055555555555555,2.4140211640211637,7
37,64.0,0.0,64,64,1.7297297297297298,32,32,32,150.0,0.0,150,150,4.054054054054054,2.4131274131274134,7
38,96.0,0.0,96,96,2.526315789473684,32,32,32,154.0,0.0,154,154,4.052631578947368,2.4122807017543857,7
39,96.0,0.0,96,96,2.4615384615384617,32,32,32,158.0,0.0,158,158,4.051282051282051,2.4114774114774113,7
40,64.0,0.0,64,64,1.6,32,32,32,162.0,0.0,162,162,4.05,2.4107142857142856,7
41,96.0,0.0,96,96,2.341463414634146,32,32,32,166.0,0.0,166,166,4.048780487804878,2.4099883855981417,7
42,96.0,0.0,96,96,2.2857142857142856,32,32,32,170.0,0.0,170,170,4.0476190476190474,2.4092970521541948,7
43,96.0,0.0,96,96,2.2325581395348837,32,32,32,174.0,0.0,174,174,4.046511627906977,2.4086378737541527,7
44,96.0,0.0,96,96,2.1818181818181817,32,32,32,178.0,0.0,178,178,4.045454545454546,2.4080086580086584,7
45,96.0,0.0,96,96,2.1333333333333333,32,32,32,182.0,0.0,182,182,4.044444444444444,2.4074074074074074,7
46,128.0,0.0,128,128,2.782608695652174,32,32,32,186.0,0.0,186,186,4.043478260869565,2.406832298136646,7
47,96.0,0.0,96,96,2.0425531914893615,32,32,32,190.0,0.0,190,190,4.042553191489362,2.4062816616008105,7
48,96.0,0.0,96,96,2.0,32,32,32,194.0,0.0,194,194,4.041666666666667,2.4057539682539684,7
49,128.0,0.0,128,128,2.6122448979591835,32,32,32,198.0,0.0,198,198,4.040816326530612,2.4052478134110786,7
50,128.0,0.0,128,128,2.56,32,32,32,202.0,0.0,202,202,4.04,2.4047619047619047,7
51,128.0,0.0,128,128,2.5098039215686274,32,32,32,206.0,0.0,206,206,4.03921568627451,2.404295051353875,7
52,128.0,0.0,128,128,2.4615384615384617,32,32,32,210.0,0.0,210,210,4.038461538461538,2.4038461538461537,7
53,96.0,0.0,96,96,1.8113207547169812,32,32,32,214.0,0.0,214,214,4.037735849056604,2.4034141958670263,7
54,128.0,0.0,128,128,2.3703703703703702,32,32,32,218.0,0.0,218,218,4.037037037037037,2.4029982363315696,7
55,128.0,0.0,128,128,2.327272727272727,32,32,32,222.0,0.0,222,222,4.036363636363636,2.4025974025974026,7
56,128.0,0.0,128,128,2.2857142857142856,32,32,32,226.0,0.0,226,226,4.035714285714286,2.4022108843537415,7
57,160.0,0.0,160,160,2.807017543859649,32,32,32,230.0,0.0,230,230,4.035087719298246,2.401837928153718,7
58,128.0,0.0,128,128,2.206896551724138,32,32,32,234.0,0.0,234,234,4.0344827586206895,2.401477832512315,7
59,128.0,0.0,128,128,2.169491525423729,32,32,32,238.0,0.0,238,238,4.033898305084746,2.401129943502825,7
60,160.0,0.0,160,160,2.6666666666666665,32,32,32,242.0,0.0,242,242,4.033333333333333,2.4007936507936507,7
61,128.0,0.0,128,128,2.098360655737705,32,32,32,246.0,0.0,246,246,4.032786885245901,2.4004683840749412,7
62,160.0,0.0,160,160,2.5806451612903225,32,32,32,250.0,0.0,250,250,4.032258064516129,2.400153609831029,7
63,128.0,0.0,128,128,2.0317460317460316,32,32,32,254.0,0.0,254,254,4.031746031746032,2.399848828420257,7
64,160.0,0.0,160,160,2.5,32,32,32,258.0,0.0,258,258,4.03125,2.3995535714285716,7
65,160.0,0.0,160,160,2.4615384615384617,32,32,32,262.0,0.0,262,262,4.030769230769231,2.399267399267399,7
66,160.0,0.0,160,160,2.4242424242424243,32,32,32,266.0,0.0,266,266,4.03030303030303,2.398989898989899,7
67,160.0,0.0,160,160,2.388059701492537,32,32,32,270.0,0.0,270,270,4.029850746268656,2.3987206823027716,7
68,128.0,0.0,128,128,1.8823529411764706,32,32,32,274.0,0.0,274,274,4.029411764705882,2.3984593837535013,7
69,160.0,0.0,160,160,2.318840579710145,32,32,32,278.0,0.0,278,278,4.028985507246377,2.3982056590752245,7
70,160.0,0.0,160,160,2.2857142857142856,32,32,32,282.0,0.0,282,282,4.0285714285714285,2.3979591836734695,7
71,160.0,0.0,160,160,2.2535211267605635,32,32,32,286.0,0.0,286,286,4.028169014084507,2.397719651240778,7
72,192.0,0.0,192,192,2.6666666666666665,32,32,32,290.0,0.0,290,290,4.027777777777778,2.3974867724867726,7
73,192.0,0.0,192,192,2.6301369863013697,32,32,32,294.0,0.0,294,294,4.027397260273973,2.397260273972603,7
74,192.0,0.0,192,192,2.5945945945945947,32,32,32,298.0,0.0,298,298,4.027027027027027,2.397039897039897,7
75,160.0,0.0,160,160,2.1333333333333333,32,32,32,302.0,0.0,302,302,4.026666666666666,2.3968253968253967,7
76,192.0,0.0,192,192,2.526315789473684,32,32,32,306.0,0.0,306,306,4.026315789473684,2.3966165413533833,7
77,160.0,0.0,160,160,2.0779220779220777,32,32,32,310.0,0.0,310,310,4.025974025974026,2.396413110698825,7
78,160.0,0.0,160,160,2.051282051282051,32,32,32,314.0,0.0,314,314,4.0256410256410255,2.396214896214896,7
79,192.0,0.0,192,192,2.430379746835443,32,32,32,318.0,0.0,318,318,4.025316455696203,2.396021699819168,7
80,192.0,0.0,192,192,2.4,32,32,32,322.0,0.0,322,322,4.025,2.3958333333333335,7
81,192.0,0.0,192,192,2.3703703703703702,32,32,32,326.0,0.0,326,326,4.0246913580246915,2.39564961787184,7
82,192.0,0.0,192,192,2.341463414634146,32,32,32,330.0,0.0,330,330,4.024390243902439,2.3954703832752613,7
83,192.0,0.0,192,192,2.3132530120481927,32,32,32,334.0,0.0,334,334,4.024096385542169,2.3952954675846243,7
84,224.0,0.0,224,224,2.6666666666666665,32,32,32,338.0,0.0,338,338,4.023809523809524,2.395124716553288,7
85,224.0,0.0,224,224,2.635294117647059,32,32,32,342.0,0.0,342,342,4.023529411764706,2.3949579831932772,7
86,192.0,0.0,192,192,2.2325581395348837,32,32,32,346.0,0.0,346,346,4.023255813953488,2.394795127353267,7
87,192.0,0.0,192,192,2.206896551724138,32,32,32,350.0,0.0,350,350,4.022988505747127,2.3946360153256707,7
88,224.0,0.0,224,224,2.5454545454545454,32,32,32,354.0,0.0,354,354,4.0227272727272725,2.394480519480519,7
89,192.0,0.0,192,192,2.157303370786517,32,32,32,358.0,0.0,358,358,4.022471910112359,2.3943285179240235,7
90,224.0,0.0,224,224,2.488888888888889,32,32,32,362.0,0.0,362,362,4.022222222222222,2.394179894179894,7
91,224.0,0.0,224,224,2.4615384615384617,32,32,32,366.0,0.0,366,366,4.021978021978022,2.3940345368916796,7
92,192.0,0.0,192,192,2.0869565217391304,32,32,32,370.0,0.0,370,370,4.021739130434782,2.393892339544513,7
93,224.0,0.0,224,224,2.4086021505376345,32,32,32,374.0,0.0,374,374,4.021505376344086,2.393753200204813,7
94,224.0,0.0,224,224,2.382978723404255,32,32,32,378.0,0.0,378,378,4.0212765957446805,2.3936170212765955,7
95,256.0,0.0,256,256,2.694736842105263,32,32,32,382.0,0.0,382,382,4.021052631578947,2.393483709273183,7
96,224.0,0.0,224,224,2.3333333333333335,32,32,32,386.0,0.0,386,386,4.020833333333333,2.3933531746031744,7
97,224.0,0.0,224,224,2.3092783505154637,32,32,32,390.0,0.0,390,390,4.020618556701031,2.393225331369661,7
98,256.0,0.0,256,256,2.6122448979591835,32,32,32,394.0,0.0,394,394,4.020408163265306,2.39310009718173,7
99,224.0,0.0,224,224,2.2626262626262625,32,32,32,398.0,0.0,398,398,4.02020202020202,2.392977392977393,7
100,256.0,0.0,256,256,2.56,32,32,32,402.0,0.0,402,402,4.02,2.392857142857143,7
101,256.0,0.0,256,256,2.5346534653465347,32,32,32,406.0,0.0,406,406,4.01980198019802,2.392739273927393,7
102,256.0,0.0,256,256,2.5098039215686274,32,32,32,410.0,0.0,410,410,4.019607843137255,2.392623716153128,7
103,256.0,0.0,256,256,2.4854368932038833,32,32,32,414.0,0.0,414,414,4.019417475728155,2.39251040221914,7
104,224.0,0.0,224,224,2.1538461538461537,32,32,32,418.0,0.0,418,418,4.019230769230769,2.3923992673992673,7
105,256.0,0.0,256,256,2.4380952380952383,32,32,32,422.0,0.0,422,422,4.019047619047619,2.3922902494331066,7
106,256.0,0.0,256,256,2.4150943396226414,32,32,32,426.0,0.0,426,426,4.018867924528302,2.3921832884097034,7
107,256.0,0.0,256,256,2.392523364485981,32,32,32,430.0,0.0,430,430,4.018691588785047,2.392078326657766,7
108,256.0,0.0,256,256,2.3703703703703702,32,32,32,434.0,0.0,434,434,4.018518518518518,2.391975308641975,7
109,256.0,0.0,256,256,2.3486238532110093,32,32,32,438.0,0.0,438,438,4.018348623853211,2.3918741808650066,7
110,288.0,0.0,288,288,2.618181818181818,32,32,32,442.0,0.0,442,442,4.0181818181818185,2.391774891774892,7
111,256.0,0.0,256,256,2.3063063063063063,32,32,32,446.0,0.0,446,446,4.018018018018018,2.3916773916773915,7
112,256.0,0.0,256,256,2.2857142857142856,32,32,32,450.0,0.0,450,450,4.017857142857143,2.3915816326530615,7
113,256.0,0.0,256,256,2.265486725663717,32,32,32,454.0,0.0,454,454,4.017699115044247,2.3914875684787185,7
114,256.0,0.0,256,256,2.245614035087719,32,32,32,458.0,0.0,458,458,4.017543859649122,2.391395154553049,7
115,256.0,0.0,256,256,2.226086956521739,32,32,32,462.0,0.0,462,462,4.017391304347826,2.391304347826087,7
116,288.0,0.0,288,288,2.4827586206896552,32,32,32,466.0,0.0,466,466,4.017241379310345,2.391215106732348,7
117,288.0,0.0,288,288,2.4615384615384617,32,32,32,470.0,0.0,470,470,4.017094017094017,2.391127391127391,7
118,288.0,0.0,288,288,2.440677966101695,32,32,32,474.0,0.0,474,474,4.016949152542373,2.391041162227603,7
119,288.0,0.0,288,288,2.4201680672268906,32,32,32,478.0,0.0,478,478,4.016806722689076,2.3909563825530213,7
120,288.0,0.0,288,288,2.4,32,32,32,482.0,0.0,482,482,4.016666666666667,2.390873015873016,7
121,288.0,0.0,288,288,2.3801652892561984,32,32,32,486.0,0.0,486,486,4.016528925619835,2.3907910271546635,7
122,288.0,0.0,288,288,2.360655737704918,32,32,32,490.0,0.0,490,490,4.016393442622951,2.390710382513661,7
123,288.0,0.0,288,288,2.341463414634146,32,32,32,494.0,0.0,494,494,4.016260162601626,2.390631049167635,7
124,320.0,0.0,320,320,2.5806451612903225,32,32,32,498.0,0.0,498,498,4.016129032258065,2.3905529953917055,7
125,288.0,0.0,288,288,2.304,32,32,32,502.0,0.0,502,502,4.016,2.3904761904761904,7
126,288.0,0.0,288,288,2.2857142857142856,32,32,32,506.0,0.0,506,506,4.015873015873016,2.390400604686319,7
127,320.0,0.0,320,320,2.5196850393700787,32,32,32,510.0,0.0,510,510,4.015748031496063,2.390326209223847,7
128,320.0,0.0,320,320,2.5,32,32,32,514.0,0.0,514,514,4.015625,2.3902529761904763,7
129,320.0,0.0,320,320,2.4806201550387597,32,32,32,518.0,0.0,518,518,4.015503875968992,2.3901808785529717,7
130,320.0,0.0,320,320,2.4615384615384617,32,32,32,522.0,0.0,522,522,4.015384615384615,2.39010989010989,7
131,320.0,0.0,320,320,2.4427480916030535,32,32,32,526.0,0.0,526,526,4.015267175572519,2.3900399854598326,7
132,320.0,0.0,320,320,2.4242424242424243,32,32,32,530.0,0.0,530,530,4.015151515151516,2.38997113997114,7
133,352.0,0.0,352,352,2.6466165413533833,32,32,32,534.0,0.0,534,534,4.015037593984962,2.3899033297529537,7
134,320.0,0.0,320,320,2.388059701492537,32,32,32,538.0,0.0,538,538,4.014925373134329,2.3898365316275765,7
135,320.0,0.0,320,320,2.3703703703703702,32,32,32,542.0,0.0,542,542,4.014814814814815,2.3897707231040566,7
136,320.0,0.0,320,320,2.3529411764705883,32,32,32,546.0,0.0,546,546,4.014705882352941,2.389705882352941,7
137,320.0,0.0,320,320,2.335766423357664,32,32,32,550.0,0.0,550,550,4.014598540145985,2.389641988182134,7
138,320.0,0.0,320,320,2.318840579710145,32,32,32,554.0,0.0,554,554,4.0144927536231885,2.3895790200138025,7
139,320.0,0.0,320,320,2.302158273381295,32,32,32,558.0,0.0,558,558,4.014388489208633,2.3895169578622815,7
140,352.0,0.0,352,352,2.5142857142857142,32,32,32,562.0,0.0,562,562,4.014285714285714,2.389455782312925,7
141,320.0,0.0,320,320,2.269503546099291,32,32,32,566.0,0.0,566,566,4.01418439716312,2.3893954745018573,7
142,352.0,0.0,352,352,2.4788732394366195,32,32,32,570.0,0.0,570,570,4.014084507042254,2.3893360160965798,7
143,352.0,0.0,352,352,2.4615384615384617,32,32,32,574.0,0.0,574,574,4.013986013986014,2.3892773892773893,7
144,352.0,0.0,352,352,2.4444444444444446,32,32,32,578.0,0.0,578,578,4.013888888888889,2.3892195767195767,7
145,352.0,0.0,352,352,2.4275862068965517,32,32,32,582.0,0.0,582,582,4.0137931034482754,2.3891625615763545,7
146,320.0,0.0,320,320,2.191780821917808,32,32,32,586.0,0.0,586,586,4.013698630136986,2.3891063274624917,7
147,352.0,0.0,352,352,2.3945578231292517,32,32,32,590.0,0.0,590,590,4.01360544217687,2.389050858438613,7
148,352.0,0.0,352,352,2.3783783783783785,32,32,32,594.0,0.0,594,594,4.013513513513513,2.3889961389961387,7
149,352.0,0.0,352,352,2.3624161073825505,32,32,32,598.0,0.0,598,598,4.0134228187919465,2.3889421540428253,7
150,352.0,0.0,352,352,2.3466666666666667,32,32,32,602.0,0.0,602,602,4.013333333333334,2.388888888888889,7
151,352.0,0.0,352,352,2.3311258278145695,32,32,32,606.0,0.0,606,606,4.013245033112582,2.38883632923368,7
152,384.0,0.0,384,384,2.526315789473684,32,32,32,610.0,0.0,610,610,4.0131578947368425,2.3887844611528823,7
153,352.0,0.0,352,352,2.3006535947712417,32,32,32,614.0,0.0,614,614,4.0130718954248366,2.3887332710862124,7
154,384.0,0.0,384,384,2.4935064935064934,32,32,32,618.0,0.0,618,618,4.012987012987013,2.388682745825603,7
155,384.0,0.0,384,384,2.47741935483871,32,32,32,622.0,0.0,622,622,4.012903225806451,2.38863287250384,7
156,384.0,0.0,384,384,2.4615384615384617,32,32,32,626.0,0.0,626,626,4.012820512820513,2.3885836385836385,7
157,384.0,0.0,384,384,2.445859872611465,32,32,32,630.0,0.0,630,630,4.012738853503185,2.388535031847134,7
158,384.0,0.0,384,384,2.430379746835443,32,32,32,634.0,0.0,634,634,4.012658227848101,2.3884870403857748,7
159,384.0,0.0,384,384,2.4150943396226414,32,32,32,638.0,0.0,638,638,4.012578616352202,2.388439652590596,7
160,384.0,0.0,384,384,2.4,32,32,32,642.0,0.0,642,642,4.0125,2.388392857142857,7
161,384.0,0.0,384,384,2.3850931677018634,32,32,32,646.0,0.0,646,646,4.012422360248447,2.3883466430050277,7
162,416.0,0.0,416,416,2.567901234567901,32,32,32,650.0,0.0,650,650,4.012345679012346,2.3883009994121105,7
163,416.0,0.0,416,416,2.5521472392638036,32,32,32,654.0,0.0,654,654,4.012269938650307,2.3882559158632777,7
164,416.0,0.0,416,416,2.5365853658536586,32,32,32,658.0,0.0,658,658,4.012195121951219,2.3882113821138207,7
165,384.0,0.0,384,384,2.327272727272727,32,32,32,662.0,0.0,662,662,4.012121212121212,2.3881673881673877,7
166,416.0,0.0,416,416,2.5060240963855422,32,32,32,666.0,0.0,666,666,4.0120481927710845,2.388123924268503,7
167,416.0,0.0,416,416,2.4910179640718564,32,32,32,670.0,0.0,670,670,4.0119760479041915,2.388080980895352,7
168,416.0,0.0,416,416,2.4761904761904763,32,32,32,674.0,0.0,674,674,4.011904761904762,2.3880385487528346,7
169,416.0,0.0,416,416,2.4615384615384617,32,32,32,678.0,0.0,678,678,4.011834319526627,2.3879966187658495,7
170,384.0,0.0,384,384,2.2588235294117647,32,32,32,682.0,0.0,682,682,4.011764705882353,2.387955182072829,7
171,384.0,0.0,384,384,2.245614035087719,32,32,32,686.0,0.0,686,686,4.011695906432749,2.3879142300194935,7
172,416.0,0.0,416,416,2.4186046511627906,32,32,32,690.0,0.0,690,690,4.011627906976744,2.387873754152824,7
173,416.0,0.0,416,416,2.4046242774566475,32,32,32,694.0,0.0,694,694,4.011560693641618,2.387833746215249,7
174,416.0,0.0,416,416,2.3908045977011496,32,32,32,698.0,0.0,698,698,4.011494252873563,2.3877941981390256,7
175,416.0,0.0,416,416,2.3771428571428572,32,32,32,702.0,0.0,702,702,4.011428571428572,2.3877551020408165,7
176,416.0,0.0,416,416,2.3636363636363638,32,32,32,706.0,0.0,706,706,4.011363636363637,2.3877164502164505,7
177,416.0,0.0,416,416,2.3502824858757063,32,32,32,710.0,0.0,710,710,4.011299435028248,2.387678235135862,7
178,448.0,0.0,448,448,2.5168539325842696,32,32,32,714.0,0.0,714,714,4.01123595505618,2.3876404494382024,7
179,448.0,0.0,448,448,2.5027932960893855,32,32,32,718.0,0.0,718,718,4.011173184357542,2.3876030859271085,7
180,416.0,0.0,416,416,2.311111111111111,32,32,32,722.0,0.0,722,722,4.011111111111111,2.3875661375661377,7
181,416.0,0.0,416,416,2.298342541436464,32,32,32,726.0,0.0,726,726,4.011049723756906,2.387529597474349,7
182,416.0,0.0,416,416,2.2857142857142856,32,32,32,730.0,0.0,730,730,4.010989010989011,2.3874934589220302,7
183,416.0,0.0,416,416,2.273224043715847,32,32,32,734.0,0.0,734,734,4.0109289617486334,2.3874577153265677,7
184,448.0,0.0,448,448,2.4347826086956523,32,32,32,738.0,0.0,738,738,4.010869565217392,2.3874223602484475,7
185,448.0,0.0,448,448,2.4216216216216218,32,32,32,742.0,0.0,742,742,4.010810810810811,2.3873873873873874,7
186,448.0,0.0,448,448,2.4086021505376345,32,32,32,746.0,0.0,746,746,4.010752688172043,2.387352790578597,7
187,480.0,0.0,480,480,2.5668449197860963,32,32,32,750.0,0.0,750,750,4.010695187165775,2.387318563789152,7
188,448.0,0.0,448,448,2.382978723404255,32,32,32,754.0,0.0,754,754,4.01063829787234,2.3872847011144884,7
189,448.0,0.0,448,448,2.3703703703703702,32,32,32,758.0,0.0,758,758,4.01058201058201,2.387251196775006,7
190,448.0,0.0,448,448,2.357894736842105,32,32,32,762.0,0.0,762,762,4.010526315789473,2.387218045112782,7
191,448.0,0.0,448,448,2.345549738219895,32,32,32,766.0,0.0,766,766,4.010471204188482,2.387185240588382,7
192,480.0,0.0,480,480,2.5,32,32,32,770.0,0.0,770,770,4.010416666666667,2.387152777777778,7
193,480.0,0.0,480,480,2.4870466321243523,32,32,32,774.0,0.0,774,774,4.010362694300518,2.387120651369356,7
194,448.0,0.0,448,448,2.3092783505154637,32,32,32,778.0,0.0,778,778,4.010309278350515,2.387088856161021,7
195,480.0,0.0,480,480,2.4615384615384617,32,32,32,782.0,0.0,782,782,4.01025641025641,2.387057387057387,7
196,448.0,0.0,448,448,2.2857142857142856,32,32,32,786.0,0.0,786,786,4.010204081632653,2.3870262390670556,7
197,480.0,0.0,480,480,2.436548223350254,32,32,32,790.0,0.0,790,790,4.01015228426396,2.386995407299976,7
198,448.0,0.0,448,448,2.2626262626262625,32,32,32,794.0,0.0,794,794,4.01010101010101,2.386964886964887,7
199,480.0,0.0,480,480,2.4120603015075375,32,32,32,798.0,0.0,798,798,4.010050251256281,2.386934673366834,7
200,480.0,0.0,480,480,2.4,32,32,32,802.0,0.0,802,802,4.01,2.386904761904762,7
201,480.0,0.0,480,480,2.388059701492537,32,32,32,806.0,0.0,806,806,4.009950248756219,2.386875148069178,7
202,480.0,0.0,480,480,2.376237623762376,32,32,32,810.0,0.0,810,810,4.00990099009901,2.386845827439887,7
203,480.0,0.0,480,480,2.3645320197044337,32,32,32,814.0,0.0,814,814,4.009852216748769,2.386816795683791,7
204,512.0,0.0,512,512,2.5098039215686274,32,32,32,818.0,0.0,818,818,4.009803921568627,2.3867880485527544,7
205,480.0,0.0,480,480,2.341463414634146,32,32,32,822.0,0.0,822,822,4.009756097560976,2.3867595818815333,7
206,480.0,0.0,480,480,2.3300970873786406,32,32,32,826.0,0.0,826,826,4.009708737864078,2.386731391585761,7
207,512.0,0.0,512,512,2.473429951690821,32,32,32,830.0,0.0,830,830,4.009661835748792,2.3867034736599955,7
208,480.0,0.0,480,480,2.3076923076923075,32,32,32,834.0,0.0,834,834,4.009615384615385,2.3866758241758244,7
209,480.0,0.0,480,480,2.2966507177033493,32,32,32,838.0,0.0,838,838,4.009569377990431,2.3866484392800182,7
210,512.0,0.0,512,512,2.4380952380952383,32,32,32,842.0,0.0,842,842,4.0095238095238095,2.386621315192744,7
211,480.0,0.0,480,480,2.2748815165876777,32,32,32,846.0,0.0,846,846,4.009478672985782,2.386594448205823,7
212,512.0,0.0,512,512,2.4150943396226414,32,32,32,850.0,0.0,850,850,4.009433962264151,2.386567834681042,7
213,512.0,0.0,512,512,2.403755868544601,32,32,32,854.0,0.0,854,854,4.009389671361502,2.386541471048513,7
214,480.0,0.0,480,480,2.2429906542056073,32,32,32,858.0,0.0,858,858,4.009345794392523,2.3865153538050734,7
215,512.0,0.0,512,512,2.3813953488372093,32,32,32,862.0,0.0,862,862,4.0093023255813955,2.3864894795127354,7
216,512.0,0.0,512,512,2.3703703703703702,32,32,32,866.0,0.0,866,866,4.0092592592592595,2.3864638447971784,7
217,544.0,0.0,544,544,2.506912442396313,32,32,32,870.0,0.0,870,870,4.009216589861751,2.3864384463462804,7
218,512.0,0.0,512,512,2.3486238532110093,32,32,32,874.0,0.0,874,874,4.009174311926605,2.3864132809086938,7
219,512.0,0.0,512,512,2.3378995433789953,32,32,32,878.0,0.0,878,878,4.0091324200913245,2.3863883452924552,7
220,512.0,0.0,512,512,2.327272727272727,32,32,32,882.0,0.0,882,882,4.009090909090909,2.3863636363636362,7
221,544.0,0.0,544,544,2.4615384615384617,32,32,32,886.0,0.0,886,886,4.009049773755656,2.3863391510450334,7
222,544.0,0.0,544,544,2.4504504504504503,32,32,32,890.0,0.0,890,890,4.009009009009009,2.3863148863148864,7
223,512.0,0.0,512,512,2.295964125560538,32,32,32,894.0,0.0,894,894,4.00896860986547,2.3862908392056372,7
224,544.0,0.0,544,544,2.4285714285714284,32,32,32,898.0,0.0,898,898,4.008928571428571,2.3862670068027207,7
225,544.0,0.0,544,544,2.417777777777778,32,32,32,902.0,0.0,902,902,4.0088888888888885,2.386243386243386,7
226,512.0,0.0,512,512,2.265486725663717,32,32,32,906.0,0.0,906,906,4.008849557522124,2.38621997471555,7
227,576.0,0.0,576,576,2.537444933920705,32,32,32,910.0,0.0,910,910,4.008810572687224,2.386196769456681,7
228,544.0,0.0,544,544,2.3859649122807016,32,32,32,914.0,0.0,914,914,4.008771929824562,2.386173767752715,7
229,544.0,0.0,544,544,2.3755458515283845,32,32,32,918.0,0.0,918,918,4.008733624454148,2.386150966936993,7
230,576.0,0.0,576,576,2.5043478260869567,32,32,32,922.0,0.0,922,922,4.008695652173913,2.386128364389234,7
231,544.0,0.0,544,544,2.354978354978355,32,32,32,926.0,0.0,926,926,4.008658008658009,2.386105957534529,7
232,544.0,0.0,544,544,2.3448275862068964,32,32,32,930.0,0.0,930,930,4.008620689655173,2.3860837438423648,7
233,576.0,0.0,576,576,2.4721030042918457,32,32,32,934.0,0.0,934,934,4.008583690987124,2.386061720825669,7
234,544.0,0.0,544,544,2.324786324786325,32,32,32,938.0,0.0,938,938,4.0085470085470085,2.386039886039886,7
235,576.0,0.0,576,576,2.451063829787234,32,32,32,942.0,0.0,942,942,4.008510638297873,2.386018237082067,7
236,576.0,0.0,576,576,2.440677966101695,32,32,32,946.0,0.0,946,946,4.008474576271187,2.3859967715899923,7
237,544.0,0.0,544,544,2.2953586497890295,32,32,32,950.0,0.0,950,950,4.008438818565401,2.38597548724131,7
238,544.0,0.0,544,544,2.2857142857142856,32,32,32,954.0,0.0,954,954,4.008403361344538,2.385954381752701,7
239,544.0,0.0,544,544,2.276150627615063,32,32,32,958.0,0.0,958,958,4.00836820083682,2.3859334528790597,7
240,576.0,0.0,576,576,2.4,32,32,32,962.0,0.0,962,962,4.008333333333334,2.3859126984126986,7
241,576.0,0.0,576,576,2.3900414937759336,32,32,32,966.0,0.0,966,966,4.008298755186722,2.3858921161825726,7
242,576.0,0.0,576,576,2.3801652892561984,32,32,32,970.0,0.0,970,970,4.008264462809917,2.385871704053522,7
243,576.0,0.0,576,576,2.3703703703703702,32,32,32,974.0,0.0,974,974,4.008230452674897,2.385851459925534,7
244,576.0,0.0,576,576,2.360655737704918,32,32,32,978.0,0.0,978,978,4.008196721311475,2.385831381733021,7
245,576.0,0.0,576,576,2.3510204081632655,32,32,32,982.0,0.0,982,982,4.0081632653061225,2.3858114674441206,7
246,576.0,0.0,576,576,2.341463414634146,32,32,32,986.0,0.0,986,986,4.008130081300813,2.3857917150600074,7
247,608.0,0.0,608,608,2.4615384615384617,32,32,32,990.0,0.0,990,990,4.008097165991903,2.385772122614228,7
248,608.0,0.0,608,608,2.4516129032258065,32,32,32,994.0,0.0,994,994,4.008064516129032,2.385752688172043,7
249,608.0,0.0,608,608,2.4417670682730925,32,32,32,998.0,0.0,998,998,4.008032128514056,2.3857334098297955,7
250,608.0,0.0,608,608,2.432,32,32,32,1002.0,0.0,1002,1002,4.008,2.3857142857142857,7
251,576.0,0.0,576,576,2.2948207171314743,32,32,32,1006.0,0.0,1006,1006,4.00796812749004,2.3856953139821666,7
252,608.0,0.0,608,608,2.4126984126984126,32,32,32,1010.0,0.0,1010,1010,4.007936507936508,2.38567649281935,7
253,608.0,0.0,608,608,2.4031620553359683,32,32,32,1014.0,0.0,1014,1014,4.007905138339921,2.385657820440429,7
254,608.0,0.0,608,608,2.393700787401575,32,32,32,1018.0,0.0,1018,1018,4.0078740157480315,2.385639295088114,7
255,608.0,0.0,608,608,2.384313725490196,32,32,32,1022.0,0.0,1022,1022,4.007843137254902,2.3856209150326797,7
256,640.0,0.0,640,640,2.5,32,32,32,1026.0,0.0,1026,1026,4.0078125,2.3856026785714284,7
257,608.0,0.0,608,608,2.3657587548638133,32,32,32,1030.0,0.0,1030,1030,4.007782101167315,2.3855845840281638,7
258,640.0,0.0,640,640,2.4806201550387597,32,32,32,1034.0,0.0,1034,1034,4.007751937984496,2.385566629752676,7
259,640.0,0.0,640,640,2.471042471042471,32,32,32,1038.0,0.0,1038,1038,4.007722007722008,2.3855488141202428,7
260,640.0,0.0,640,640,2.4615384615384617,32,32,32,1042.0,0.0,1042,1042,4.007692307692308,2.3855311355311355,7
261,608.0,0.0,608,608,2.3295019157088124,32,32,32,1046.0,0.0,1046,1046,4.007662835249042,2.385513592410144,7
262,640.0,0.0,640,640,2.4427480916030535,32,32,32,1050.0,0.0,1050,1050,4.00763358778626,2.385496183206107,7
263,608.0,0.0,608,608,2.311787072243346,32,32,32,1054.0,0.0,1054,1054,4.007604562737643,2.385478906391454,7
264,640.0,0.0,640,640,2.4242424242424243,32,32,32,1058.0,0.0,1058,1058,4.007575757575758,2.3854617604617605,7
265,608.0,0.0,608,608,2.2943396226415094,32,32,32,1062.0,0.0,1062,1062,4.007547169811321,2.3854447439353104,7
266,640.0,0.0,640,640,2.406015037593985,32,32,32,1066.0,0.0,1066,1066,4.007518796992481,2.3854278553526673,7
267,640.0,0.0,640,640,2.397003745318352,32,32,32,1070.0,0.0,1070,1070,4.007490636704119,2.3854110932762613,7
268,640.0,0.0,640,640,2.388059701492537,32,32,32,1074.0,0.0,1074,1074,4.007462686567164,2.385394456289979,7
269,640.0,0.0,640,640,2.379182156133829,32,32,32,1078.0,0.0,1078,1078,4.007434944237918,2.3853779429987605,7
270,640.0,0.0,640,640,2.3703703703703702,32,32,32,1082.0,0.0,1082,1082,4.007407407407407,2.3853615520282183,7
271,640.0,0.0,640,640,2.3616236162361623,32,32,32,1086.0,0.0,1086,1086,4.007380073800738,2.385345282024249,7
272,640.0,0.0,640,640,2.3529411764705883,32,32,32,1090.0,0.0,1090,1090,4.007352941176471,2.3853291316526612,7
273,672.0,0.0,672,672,2.4615384615384617,32,32,32,1094.0,0.0,1094,1094,4.007326007326007,2.3853130995988137,7
274,640.0,0.0,640,640,2.335766423357664,32,32,32,1098.0,0.0,1098,1098,4.007299270072993,2.385297184567258,7
275,672.0,0.0,672,672,2.443636363636364,32,32,32,1102.0,0.0,1102,1102,4.007272727272727,2.385281385281385,7
276,672.0,0.0,672,672,2.4347826086956523,32,32,32,1106.0,0.0,1106,1106,4.007246376811594,2.3852657004830915,7
277,672.0,0.0,672,672,2.4259927797833933,32,32,32,1110.0,0.0,1110,1110,4.007220216606498,2.3852501289324395,7
278,640.0,0.0,640,640,2.302158273381295,32,32,32,1114.0,0.0,1114,1114,4.0071942446043165,2.3852346694073314,7
279,672.0,0.0,672,672,2.4086021505376345,32,32,32,1118.0,0.0,1118,1118,4.007168458781362,2.3852193207031918,7
280,672.0,0.0,672,672,2.4,32,32,32,1122.0,0.0,1122,1122,4.007142857142857,2.385204081632653,7
281,672.0,0.0,672,672,2.391459074733096,32,32,32,1126.0,0.0,1126,1126,4.00711743772242,2.38518895102525,7
282,704.0,0.0,704,704,2.49645390070922,32,32,32,1130.0,0.0,1130,1130,4.00709219858156,2.385173927727119,7
283,704.0,0.0,704,704,2.487632508833922,32,32,32,1134.0,0.0,1134,1134,4.007067137809187,2.385159010600707,7
284,704.0,0.0,704,704,2.4788732394366195,32,32,32,1138.0,0.0,1138,1138,4.007042253521127,2.3851441985244803,7
285,672.0,0.0,672,672,2.357894736842105,32,32,32,1142.0,0.0,1142,1142,4.007017543859649,2.3851294903926483,7
286,704.0,0.0,704,704,2.4615384615384617,32,32,32,1146.0,0.0,1146,1146,4.006993006993007,2.3851148851148847,7
287,672.0,0.0,672,672,2.341463414634146,32,32,32,1150.0,0.0,1150,1150,4.006968641114983,2.3851003816160614,7
288,672.0,0.0,672,672,2.3333333333333335,32,32,32,1154.0,0.0,1154,1154,4.006944444444445,2.385085978835979,7
289,704.0,0.0,704,704,2.43598615916955,32,32,32,1158.0,0.0,1158,1158,4.006920415224913,2.385071675729115,7
290,672.0,0.0,672,672,2.317241379310345,32,32,32,1162.0,0.0,1162,1162,4.006896551724138,2.3850574712643677,7
291,672.0,0.0,672,672,2.3092783505154637,32,32,32,1166.0,0.0,1166,1166,4.006872852233677,2.3850433644248077,7
292,704.0,0.0,704,704,2.410958904109589,32,32,32,1170.0,0.0,1170,1170,4.006849315068493,2.385029354207436,7
293,704.0,0.0,704,704,2.4027303754266214,32,32,32,1174.0,0.0,1174,1174,4.006825938566553,2.385015439622948,7
294,704.0,0.0,704,704,2.3945578231292517,32,32,32,1178.0,0.0,1178,1178,4.006802721088436,2.3850016196954975,7
295,704.0,0.0,704,704,2.386440677966102,32,32,32,1182.0,0.0,1182,1182,4.0067796610169495,2.38498789346247,7
296,704.0,0.0,704,704,2.3783783783783785,32,32,32,1186.0,0.0,1186,1186,4.006756756756757,2.38497425997426,7
297,704.0,0.0,704,704,2.3703703703703702,32,32,32,1190.0,0.0,1190,1190,4.006734006734007,2.3849607182940518,7
298,736.0,0.0,736,736,2.469798657718121,32,32,32,1194.0,0.0,1194,1194,4.006711409395973,2.384947267497603,7
299,704.0,0.0,704,704,2.3545150501672243,32,32,32,1198.0,0.0,1198,1198,4.006688963210703,2.3849339066730373,7
300,736.0,0.0,736,736,2.453333333333333,32,32,32,1202.0,0.0,1202,1202,4.006666666666667,2.384920634920635,7
301,736.0,0.0,736,736,2.4451827242524917,32,32,32,1206.0,0.0,1206,1206,4.0066445182724255,2.384907451352634,7
302,736.0,0.0,736,736,2.437086092715232,32,32,32,1210.0,0.0,1210,1210,4.006622516556291,2.3848943550930306,7
303,736.0,0.0,736,736,2.429042904290429,32,32,32,1214.0,0.0,1214,1214,4.006600660066007,2.384881345277385,7
304,736.0,0.0,736,736,2.4210526315789473,32,32,32,1218.0,0.0,1218,1218,4.006578947368421,2.384868421052632,7
305,704.0,0.0,704,704,2.3081967213114756,32,32,32,1222.0,0.0,1222,1222,4.00655737704918,2.384855581576893,7
306,736.0,0.0,736,736,2.4052287581699345,32,32,32,1226.0,0.0,1226,1226,4.006535947712418,2.3848428260192964,7
307,736.0,0.0,736,736,2.3973941368078178,32,32,32,1230.0,0.0,1230,1230,4.006514657980456,2.384830153559795,7
308,704.0,0.0,704,704,2.2857142857142856,32,32,32,1234.0,0.0,1234,1234,4.0064935064935066,2.384817563388992,7
309,736.0,0.0,736,736,2.381877022653722,32,32,32,1238.0,0.0,1238,1238,4.006472491909385,2.384805054707967,7
310,736.0,0.0,736,736,2.3741935483870966,32,32,32,1242.0,0.0,1242,1242,4.006451612903226,2.3847926267281108,7
311,768.0,0.0,768,768,2.469453376205788,32,32,32,1246.0,0.0,1246,1246,4.006430868167203,2.384780278670954,7
312,736.0,0.0,736,736,2.358974358974359,32,32,32,1250.0,0.0,1250,1250,4.006410256410256,2.3847680097680097,7
313,736.0,0.0,736,736,2.351437699680511,32,32,32,1254.0,0.0,1254,1254,4.006389776357827,2.3847558192606115,7
314,736.0,0.0,736,736,2.343949044585987,32,32,32,1258.0,0.0,1258,1258,4.006369426751593,2.3847437063997576,7
315,768.0,0.0,768,768,2.4380952380952383,32,32,32,1262.0,0.0,1262,1262,4.006349206349206,2.384731670445956,7
316,768.0,0.0,768,768,2.430379746835443,32,32,32,1266.0,0.0,1266,1266,4.006329113924051,2.384719710669078,7
317,768.0,0.0,768,768,2.4227129337539433,32,32,32,1270.0,0.0,1270,1270,4.006309148264984,2.3847078263482047,7
318,768.0,0.0,768,768,2.4150943396226414,32,32,32,1274.0,0.0,1274,1274,4.0062893081761,2.384696016771488,7
319,768.0,0.0,768,768,2.407523510971787,32,32,32,1278.0,0.0,1278,1278,4.006269592476489,2.384684281236005,7
320,768.0,0.0,768,768,2.4,32,32,32,1282.0,0.0,1282,1282,4.00625,2.3846726190476186,7
321,768.0,0.0,768,768,2.392523364485981,32,32,32,1286.0,0.0,1286,1286,4.006230529595015,2.3846610295208426,7
322,768.0,0.0,768,768,2.3850931677018634,32,32,32,1290.0,0.0,1290,1290,4.0062111801242235,2.3846495119787043,7
323,768.0,0.0,768,768,2.3777089783281733,32,32,32,1294.0,0.0,1294,1294,4.006191950464396,2.384638065752617,7
324,768.0,0.0,768,768,2.3703703703703702,32,32,32,1298.0,0.0,1298,1298,4.006172839506172,2.3846266901822455,7
325,768.0,0.0,768,768,2.3630769230769233,32,32,32,1302.0,0.0,1302,1302,4.006153846153846,2.3846153846153846,7
326,800.0,0.0,800,800,2.4539877300613497,32,32,32,1306.0,0.0,1306,1306,4.006134969325154,2.3846041484078295,7
327,768.0,0.0,768,768,2.3486238532110093,32,32,32,1310.0,0.0,1310,1310,4.00611620795107,2.384592980923256,7
328,800.0,0.0,800,800,2.4390243902439024,32,32,32,1314.0,0.0,1314,1314,4.0060975609756095,2.384581881533101,7
329,800.0,0.0,800,800,2.43161094224924,32,32,32,1318.0,0.0,1318,1318,4.006079027355623,2.3845708496164426,7
330,800.0,0.0,800,800,2.4242424242424243,32,32,32,1322.0,0.0,1322,1322,4.006060606060606,2.3845598845598843,7
331,800.0,0.0,800,800,2.416918429003021,32,32,32,1326.0,0.0,1326,1326,4.006042296072508,2.384548985757445,7
332,800.0,0.0,800,800,2.4096385542168677,32,32,32,1330.0,0.0,1330,1330,4.006024096385542,2.3845381526104417,7
333,800.0,0.0,800,800,2.4024024024024024,32,32,32,1334.0,0.0,1334,1334,4.006006006006006,2.3845273845273844,7
334,800.0,0.0,800,800,2.395209580838323,32,32,32,1338.0,0.0,1338,1338,4.005988023952096,2.3845166809238667,7
335,800.0,0.0,800,800,2.388059701492537,32,32,32,1342.0,0.0,1342,1342,4.005970149253732,2.3845060412224592,7
336,800.0,0.0,800,800,2.380952380952381,32,32,32,1346.0,0.0,1346,1346,4.005952380952381,2.3844954648526078,7
337,832.0,0.0,832,832,2.4688427299703264,32,32,32,1350.0,0.0,1350,1350,4.005934718100891,2.38448495125053,7
338,800.0,0.0,800,800,2.366863905325444,32,32,32,1354.0,0.0,1354,1354,4.005917159763314,2.3844744998591154,7
339,800.0,0.0,800,800,2.359882005899705,32,32,32,1358.0,0.0,1358,1358,4.005899705014749,2.3844641101278268,7
340,800.0,0.0,800,800,2.3529411764705883,32,32,32,1362.0,0.0,1362,1362,4.0058823529411764,2.384453781512605,7
341,800.0,0.0,800,800,2.346041055718475,32,32,32,1366.0,0.0,1366,1366,4.005865102639296,2.3844435134757713,7
342,800.0,0.0,800,800,2.3391812865497075,32,32,32,1370.0,0.0,1370,1370,4.005847953216374,2.384433305485937,7
343,800.0,0.0,800,800,2.3323615160349855,32,32,32,1374.0,0.0,1374,1374,4.005830903790088,2.3844231570179093,7
344,832.0,0.0,832,832,2.4186046511627906,32,32,32,1378.0,0.0,1378,1378,4.005813953488372,2.384413067552602,7
345,800.0,0.0,800,800,2.318840579710145,32,32,32,1382.0,0.0,1382,1382,4.005797101449275,2.3844030365769493,7
346,800.0,0.0,800,800,2.3121387283236996,32,32,32,1386.0,0.0,1386,1386,4.005780346820809,2.384393063583815,7
347,832.0,0.0,832,832,2.397694524495677,32,32,32,1390.0,0.0,1390,1390,4.005763688760807,2.3843831480719087,7
348,832.0,0.0,832,832,2.3908045977011496,32,32,32,1394.0,0.0,1394,1394,4.005747126436781,2.384373289545703,7
349,832.0,0.0,832,832,2.383954154727794,32,32,32,1398.0,0.0,1398,1398,4.005730659025788,2.3843634875153503,7
350,864.0,0.0,864,864,2.4685714285714284,32,32,32,1402.0,0.0,1402,1402,4.005714285714285,2.3843537414965983,7
351,864.0,0.0,864,864,2.4615384615384617,32,32,32,1406.0,0.0,1406,1406,4.005698005698005,2.3843440510107174,7
352,832.0,0.0,832,832,2.3636363636363638,32,32,32,1410.0,0.0,1410,1410,4.005681818181818,2.3843344155844157,7
353,832.0,0.0,832,832,2.356940509915014,32,32,32,1414.0,0.0,1414,1414,4.005665722379604,2.3843248347497643,7
354,864.0,0.0,864,864,2.440677966101695,32,32,32,1418.0,0.0,1418,1418,4.005649717514125,2.3843153080441217,7
355,864.0,0.0,864,864,2.4338028169014083,32,32,32,1422.0,0.0,1422,1422,4.005633802816901,2.3843058350100605,7
356,832.0,0.0,832,832,2.337078651685393,32,32,32,1426.0,0.0,1426,1426,4.00561797752809,2.3842964151952915,7
357,832.0,0.0,832,832,2.330532212885154,32,32,32,1430.0,0.0,1430,1430,4.0056022408963585,2.3842870481525944,7
358,832.0,0.0,832,832,2.3240223463687153,32,32,32,1434.0,0.0,1434,1434,4.005586592178771,2.3842777334397445,7
359,864.0,0.0,864,864,2.4066852367688023,32,32,32,1438.0,0.0,1438,1438,4.005571030640668,2.3842684706194457,7
360,832.0,0.0,832,832,2.311111111111111,32,32,32,1442.0,0.0,1442,1442,4.0055555555555555,2.384259259259259,7
361,864.0,0.0,864,864,2.3933518005540164,32,32,32,1446.0,0.0,1446,1446,4.0055401662049865,2.3842500989315396,7
362,864.0,0.0,864,864,2.386740331491713,32,32,32,1450.0,0.0,1450,1450,4.005524861878453,2.384240989213365,7
363,864.0,0.0,864,864,2.3801652892561984,32,32,32,1454.0,0.0,1454,1454,4.005509641873278,2.384231929686475,7
364,864.0,0.0,864,864,2.3736263736263736,32,32,32,1458.0,0.0,1458,1458,4.0054945054945055,2.384222919937206,7
365,896.0,0.0,896,896,2.4547945205479453,32,32,32,1462.0,0.0,1462,1462,4.005479452054795,2.3842139595564253,7
366,864.0,0.0,864,864,2.360655737704918,32,32,32,1466.0,0.0,1466,1466,4.005464480874317,2.3842050481394743,7
367,896.0,0.0,896,896,2.44141689373297,32,32,32,1470.0,0.0,1470,1470,4.005449591280654,2.3841961852861036,7
368,864.0,0.0,864,864,2.347826086956522,32,32,32,1474.0,0.0,1474,1474,4.005434782608695,2.3841873706004137,7
369,896.0,0.0,896,896,2.4281842818428183,32,32,32,1478.0,0.0,1478,1478,4.005420054200542,2.3841786036907986,7
370,864.0,0.0,864,864,2.3351351351351353,32,32,32,1482.0,0.0,1482,1482,4.005405405405406,2.3841698841698844,7
371,896.0,0.0,896,896,2.4150943396226414,32,32,32,1486.0,0.0,1486,1486,4.005390835579515,2.3841612116544733,7
372,896.0,0.0,896,896,2.4086021505376345,32,32,32,1490.0,0.0,1490,1490,4.005376344086022,2.3841525857654893,7
373,896.0,0.0,896,896,2.4021447721179623,32,32,32,1494.0,0.0,1494,1494,4.005361930294906,2.38414400612792,7
374,896.0,0.0,896,896,2.3957219251336896,32,32,32,1498.0,0.0,1498,1498,4.005347593582887,2.384135472370766,7
375,896.0,0.0,896,896,2.3893333333333335,32,32,32,1502.0,0.0,1502,1502,4.005333333333334,2.384126984126984,7
376,896.0,0.0,896,896,2.382978723404255,32,32,32,1506.0,0.0,1506,1506,4.00531914893617,2.3841185410334345,7
377,896.0,0.0,896,896,2.376657824933687,32,32,32,1510.0,0.0,1510,1510,4.005305039787799,2.3841101427308327,7
378,896.0,0.0,896,896,2.3703703703703702,32,32,32,1514.0,0.0,1514,1514,4.005291005291006,2.3841017888636937,7
379,896.0,0.0,896,896,2.3641160949868074,32,32,32,1518.0,0.0,1518,1518,4.005277044854881,2.3840934790802866,7
380,896.0,0.0,896,896,2.357894736842105,32,32,32,1522.0,0.0,1522,1522,4.005263157894737,2.384085213032581,7
381,896.0,0.0,896,896,2.351706036745407,32,32,32,1526.0,0.0,1526,1526,4.005249343832021,2.3840769903762027,7
382,928.0,0.0,928,928,2.4293193717277486,32,32,32,1530.0,0.0,1530,1530,4.005235602094241,2.3840688107703816,7
383,928.0,0.0,928,928,2.422976501305483,32,32,32,1534.0,0.0,1534,1534,4.005221932114883,2.384060673877906,7
384,896.0,0.0,896,896,2.3333333333333335,32,32,32,1538.0,0.0,1538,1538,4.005208333333333,2.384052579365079,7
385,928.0,0.0,928,928,2.4103896103896103,32,32,32,1542.0,0.0,1542,1542,4.005194805194805,2.3840445269016697,7
386,896.0,0.0,896,896,2.321243523316062,32,32,32,1546.0,0.0,1546,1546,4.005181347150259,2.3840365161608683,7
387,896.0,0.0,896,896,2.3152454780361755,32,32,32,1550.0,0.0,1550,1550,4.0051679586563305,2.3840285468192444,7
388,928.0,0.0,928,928,2.3917525773195876,32,32,32,1554.0,0.0,1554,1554,4.005154639175258,2.384020618556701,7
389,928.0,0.0,928,928,2.38560411311054,32,32,32,1558.0,0.0,1558,1558,4.005141388174807,2.3840127310564325,7
390,928.0,0.0,928,928,2.3794871794871795,32,32,32,1562.0,0.0,1562,1562,4.005128205128205,2.384004884004884,7
391,928.0,0.0,928,928,2.373401534526854,32,32,32,1566.0,0.0,1566,1566,4.005115089514066,2.3839970770917063,7
392,928.0,0.0,928,928,2.36734693877551,32,32,32,1570.0,0.0,1570,1570,4.005102040816326,2.383989310009718,7
393,928.0,0.0,928,928,2.3613231552162848,32,32,32,1574.0,0.0,1574,1574,4.005089058524173,2.3839815824548647,7
394,928.0,0.0,928,928,2.3553299492385786,32,32,32,1578.0,0.0,1578,1578,4.00507614213198,2.3839738941261785,7
395,928.0,0.0,928,928,2.349367088607595,32,32,32,1582.0,0.0,1582,1582,4.0050632911392405,2.3839662447257384,7
396,960.0,0.0,960,960,2.4242424242424243,32,32,32,1586.0,0.0,1586,1586,4.005050505050505,2.383958633958634,7
397,928.0,0.0,928,928,2.3375314861460956,32,32,32,1590.0,0.0,1590,1590,4.005037783375315,2.383951061532925,7
398,960.0,0.0,960,960,2.4120603015075375,32,32,32,1594.0,0.0,1594,1594,4.005025125628141,2.3839435271596074,7
399,960.0,0.0,960,960,2.406015037593985,32,32,32,1598.0,0.0,1598,1598,4.005012531328321,2.383936030552572,7
400,960.0,0.0,960,960,2.4,32,32,32,1602.0,0.0,1602,1602,4.005,2.383928571428571,7
401,960.0,0.0,960,960,2.3940149625935163,32,32,32,1606.0,0.0,1606,1606,4.00498753117207,2.3839211495071844,7
402,960.0,0.0,960,960,2.388059701492537,32,32,32,1610.0,0.0,1610,1610,4.0049751243781095,2.3839137645107793,7
403,960.0,0.0,960,960,2.3821339950372207,32,32,32,1614.0,0.0,1614,1614,4.004962779156328,2.3839064161644807,7
404,960.0,0.0,960,960,2.376237623762376,32,32,32,1618.0,0.0,1618,1618,4.0049504950495045,2.3838991041961335,7
405,960.0,0.0,960,960,2.3703703703703702,32,32,32,1622.0,0.0,1622,1622,4.004938271604939,2.383891828336273,7
406,960.0,0.0,960,960,2.3645320197044337,32,32,32,1626.0,0.0,1626,1626,4.004926108374384,2.383884588318086,7
407,960.0,0.0,960,960,2.3587223587223587,32,32,32,1630.0,0.0,1630,1630,4.004914004914005,2.3838773838773837,7
408,992.0,0.0,992,992,2.4313725490196076,32,32,32,1634.0,0.0,1634,1634,4.004901960784314,2.3838702147525677,7
409,960.0,0.0,960,960,2.34718826405868,32,32,32,1638.0,0.0,1638,1638,4.004889975550122,2.383863080684596,7
410,960.0,0.0,960,960,2.341463414634146,32,32,32,1642.0,0.0,1642,1642,4.004878048780488,2.383855981416957,7
411,992.0,0.0,992,992,2.413625304136253,32,32,32,1646.0,0.0,1646,1646,4.004866180048662,2.3838489166956323,7
412,992.0,0.0,992,992,2.407766990291262,32,32,32,1650.0,0.0,1650,1650,4.004854368932039,2.3838418862690705,7
413,960.0,0.0,960,960,2.324455205811138,32,32,32,1654.0,0.0,1654,1654,4.004842615012106,2.3838348898881585,7
414,992.0,0.0,992,992,2.396135265700483,32,32,32,1658.0,0.0,1658,1658,4.004830917874396,2.383827927306188,7
415,992.0,0.0,992,992,2.3903614457831326,32,32,32,1662.0,0.0,1662,1662,4.004819277108433,2.3838209982788294,7
416,992.0,0.0,992,992,2.3846153846153846,32,32,32,1666.0,0.0,1666,1666,4.0048076923076925,2.3838141025641026,7
417,992.0,0.0,992,992,2.3788968824940047,32,32,32,1670.0,0.0,1670,1670,4.004796163069544,2.3838072399223478,7
418,992.0,0.0,992,992,2.373205741626794,32,32,32,1674.0,0.0,1674,1674,4.0047846889952154,2.3838004101161996,7
419,992.0,0.0,992,992,2.367541766109785,32,32,32,1678.0,0.0,1678,1678,4.004773269689737,2.383793612910558,7
420,992.0,0.0,992,992,2.361904761904762,32,32,32,1682.0,0.0,1682,1682,4.004761904761905,2.383786848072562,7
421,1024.0,0.0,1024,1024,2.4323040380047507,32,32,32,1686.0,0.0,1686,1686,4.004750593824228,2.383780115371564,7
422,1024.0,0.0,1024,1024,2.4265402843601898,32,32,32,1690.0,0.0,1690,1690,4.004739336492891,2.383773414579102,7
423,1024.0,0.0,1024,1024,2.42080378250591,32,32,32,1694.0,0.0,1694,1694,4.004728132387707,2.3837667454688733,7
424,1024.0,0.0,1024,1024,2.4150943396226414,32,32,32,1698.0,0.0,1698,1698,4.004716981132075,2.3837601078167117,7
425,1024.0,0.0,1024,1024,2.409411764705882,32,32,32,1702.0,0.0,1702,1702,4.004705882352941,2.38375350140056,7
426,992.0,0.0,992,992,2.328638497652582,32,32,32,1706.0,0.0,1706,1706,4.004694835680751,2.383746926000447,7
427,992.0,0.0,992,992,2.323185011709602,32,32,32,1710.0,0.0,1710,1710,4.004683840749414,2.383740381398461,7
428,1024.0,0.0,1024,1024,2.392523364485981,32,32,32,1714.0,0.0,1714,1714,4.0046728971962615,2.383733867378727,7
429,1024.0,0.0,1024,1024,2.386946386946387,32,32,32,1718.0,0.0,1718,1718,4.004662004662005,2.3837273837273836,7
430,1024.0,0.0,1024,1024,2.3813953488372093,32,32,32,1722.0,0.0,1722,1722,4.004651162790697,2.383720930232558,7
431,1024.0,0.0,1024,1024,2.3758700696055683,32,32,32,1726.0,0.0,1726,1726,4.004640371229699,2.3837145066843446,7
432,1024.0,0.0,1024,1024,2.3703703703703702,32,32,32,1730.0,0.0,1730,1730,4.00462962962963,2.3837081128747797,7
433,1024.0,0.0,1024,1024,2.3648960739030023,32,32,32,1734.0,0.0,1734,1734,4.0046189376443415,2.3837017485978222,7
434,1024.0,0.0,1024,1024,2.359447004608295,32,32,32,1738.0,0.0,1738,1738,4.0046082949308754,2.3836954136493307,7
435,1056.0,0.0,1056,1056,2.4275862068965517,32,32,32,1742.0,0.0,1742,1742,4.004597701149425,2.383689107827039,7
436,1056.0,0.0,1056,1056,2.4220183486238533,32,32,32,1746.0,0.0,1746,1746,4.004587155963303,2.383682830930537,7
437,1056.0,0.0,1056,1056,2.416475972540046,32,32,32,1750.0,0.0,1750,1750,4.004576659038902,2.383676582761251,7
438,1056.0,0.0,1056,1056,2.410958904109589,32,32,32,1754.0,0.0,1754,1754,4.004566210045662,2.383670363122418,7
439,1056.0,0.0,1056,1056,2.4054669703872436,32,32,32,1758.0,0.0,1758,1758,4.004555808656036,2.383664171819069,7
440,1056.0,0.0,1056,1056,2.4,32,32,32,1762.0,0.0,1762,1762,4.004545454545455,2.383658008658009,7
441,1056.0,0.0,1056,1056,2.3945578231292517,32,32,32,1766.0,0.0,1766,1766,4.00453514739229,2.383651873447792,7
442,1056.0,0.0,1056,1056,2.3891402714932126,32,32,32,1770.0,0.0,1770,1770,4.004524886877828,2.383645765998707,7
443,1056.0,0.0,1056,1056,2.383747178329571,32,32,32,1774.0,0.0,1774,1774,4.004514672686231,2.3836396861227565,7
444,1056.0,0.0,1056,1056,2.3783783783783785,32,32,32,1778.0,0.0,1778,1778,4.004504504504505,2.3836336336336337,7
445,1088.0,0.0,1088,1088,2.444943820224719,32,32,32,1782.0,0.0,1782,1782,4.004494382022472,2.383627608346709,7
446,1056.0,0.0,1056,1056,2.367713004484305,32,32,32,1786.0,0.0,1786,1786,4.004484304932736,2.3836216100790093,7
447,1056.0,0.0,1056,1056,2.3624161073825505,32,32,32,1790.0,0.0,1790,1790,4.004474272930649,2.3836156386491956,7
448,1056.0,0.0,1056,1056,2.357142857142857,32,32,32,1794.0,0.0,1794,1794,4.004464285714286,2.383609693877551,7
449,1088.0,0.0,1088,1088,2.423162583518931,32,32,32,1798.0,0.0,1798,1798,4.00445434298441,2.383603775585958,7
450,1056.0,0.0,1056,1056,2.3466666666666667,32,32,32,1802.0,0.0,1802,1802,4.004444444444444,2.3835978835978833,7
451,1088.0,0.0,1088,1088,2.412416851441242,32,32,32,1806.0,0.0,1806,1806,4.004434589800444,2.3835920177383594,7
452,1088.0,0.0,1088,1088,2.4070796460176993,32,32,32,1810.0,0.0,1810,1810,4.004424778761062,2.3835861778339655,7
453,1088.0,0.0,1088,1088,2.401766004415011,32,32,32,1814.0,0.0,1814,1814,4.004415011037527,2.383580363712814,7
454,1056.0,0.0,1056,1056,2.3259911894273126,32,32,32,1818.0,0.0,1818,1818,4.004405286343612,2.383574575204531,7
455,1088.0,0.0,1088,1088,2.391208791208791,32,32,32,1822.0,0.0,1822,1822,4.004395604395604,2.3835688121402407,7
456,1088.0,0.0,1088,1088,2.3859649122807016,32,32,32,1826.0,0.0,1826,1826,4.004385964912281,2.383563074352548,7
457,1120.0,0.0,1120,1120,2.450765864332604,32,32,32,1830.0,0.0,1830,1830,4.00437636761488,2.3835573616755235,7
458,1088.0,0.0,1088,1088,2.3755458515283845,32,32,32,1834.0,0.0,1834,1834,4.004366812227074,2.383551673944687,7
459,1120.0,0.0,1120,1120,2.440087145969499,32,32,32,1838.0,0.0,1838,1838,4.004357298474946,2.3835460109969917,7
460,1120.0,0.0,1120,1120,2.4347826086956523,32,32,32,1842.0,0.0,1842,1842,4.004347826086956,2.383540372670807,7
461,1088.0,0.0,1088,1088,2.3600867678958783,32,32,32,1846.0,0.0,1846,1846,4.004338394793926,2.3835347588059084,7
462,1120.0,0.0,1120,1120,2.4242424242424243,32,32,32,1850.0,0.0,1850,1850,4.004329004329004,2.3835291692434546,7
463,1120.0,0.0,1120,1120,2.4190064794816415,32,32,32,1854.0,0.0,1854,1854,4.004319654427646,2.3835236038259797,7
464,1120.0,0.0,1120,1120,2.413793103448276,32,32,32,1858.0,0.0,1858,1858,4.004310344827586,2.3835180623973726,7
465,1088.0,0.0,1088,1088,2.339784946236559,32,32,32,1862.0,0.0,1862,1862,4.004301075268817,2.3835125448028673,7
466,1088.0,0.0,1088,1088,2.334763948497854,32,32,32,1866.0,0.0,1866,1866,4.0042918454935625,2.3835070508890253,7
467,1120.0,0.0,1120,1120,2.398286937901499,32,32,32,1870.0,0.0,1870,1870,4.004282655246253,2.383501580503722,7
468,1120.0,0.0,1120,1120,2.393162393162393,32,32,32,1874.0,0.0,1874,1874,4.004273504273504,2.3834961334961333,7
469,1120.0,0.0,1120,1120,2.388059701492537,32,32,32,1878.0,0.0,1878,1878,4.004264392324094,2.383490709716723,7
470,1120.0,0.0,1120,1120,2.382978723404255,32,32,32,1882.0,0.0,1882,1882,4.004255319148936,2.383485309017224,7
471,1120.0,0.0,1120,1120,2.3779193205944797,32,32,32,1886.0,0.0,1886,1886,4.004246284501062,2.383479931250632,7
472,1120.0,0.0,1120,1120,2.3728813559322033,32,32,32,1890.0,0.0,1890,1890,4.004237288135593,2.3834745762711864,7
473,1120.0,0.0,1120,1120,2.367864693446089,32,32,32,1894.0,0.0,1894,1894,4.004228329809725,2.38346924393436,7
474,1120.0,0.0,1120,1120,2.3628691983122363,32,32,32,1898.0,0.0,1898,1898,4.0042194092827,2.383463934096845,7
475,1120.0,0.0,1120,1120,2.357894736842105,32,32,32,1902.0,0.0,1902,1902,4.00421052631579,2.3834586466165413,7
476,1152.0,0.0,1152,1152,2.4201680672268906,32,32,32,1906.0,0.0,1906,1906,4.004201680672269,2.383453381352541,7
477,1152.0,0.0,1152,1152,2.4150943396226414,32,32,32,1910.0,0.0,1910,1910,4.0041928721174,2.3834481381651194,7
478,1152.0,0.0,1152,1152,2.410041841004184,32,32,32,1914.0,0.0,1914,1914,4.00418410041841,2.3834429169157203,7
479,1152.0,0.0,1152,1152,2.405010438413361,32,32,32,1918.0,0.0,1918,1918,4.004175365344468,2.3834377174669448,7
480,1120.0,0.0,1120,1120,2.3333333333333335,32,32,32,1922.0,0.0,1922,1922,4.004166666666666,2.3834325396825395,7
481,1120.0,0.0,1120,1120,2.3284823284823286,32,32,32,1926.0,0.0,1926,1926,4.004158004158004,2.3834273834273834,7
482,1152.0,0.0,1152,1152,2.3900414937759336,32,32,32,1930.0,0.0,1930,1930,4.004149377593361,2.3834222485674768,7
483,1152.0,0.0,1152,1152,2.3850931677018634,32,32,32,1934.0,0.0,1934,1934,4.004140786749482,2.3834171349699296,7
484,1152.0,0.0,1152,1152,2.3801652892561984,32,32,32,1938.0,0.0,1938,1938,4.0041322314049586,2.3834120425029517,7
485,1152.0,0.0,1152,1152,2.375257731958763,32,32,32,1942.0,0.0,1942,1942,4.004123711340206,2.383406971035837,7
486,1152.0,0.0,1152,1152,2.3703703703703702,32,32,32,1946.0,0.0,1946,1946,4.004115226337449,2.3834019204389576,7
487,1152.0,0.0,1152,1152,2.3655030800821355,32,32,32,1950.0,0.0,1950,1950,4.0041067761806985,2.3833968905837493,7
488,1152.0,0.0,1152,1152,2.360655737704918,32,32,32,1954.0,0.0,1954,1954,4.004098360655738,2.383391881342701,7
489,1152.0,0.0,1152,1152,2.355828220858896,32,32,32,1958.0,0.0,1958,1958,4.004089979550102,2.383386892589346,7
490,1184.0,0.0,1184,1184,2.416326530612245,32,32,32,1962.0,0.0,1962,1962,4.004081632653061,2.3833819241982503,7
491,1184.0,0.0,1184,1184,2.4114052953156824,32,32,32,1966.0,0.0,1966,1966,4.004073319755601,2.3833769760450005,7
492,1184.0,0.0,1184,1184,2.4065040650406506,32,32,32,1970.0,0.0,1970,1970,4.004065040650406,2.383372048006194,7
493,1152.0,0.0,1152,1152,2.336713995943205,32,32,32,1974.0,0.0,1974,1974,4.004056795131846,2.3833671399594323,7
494,1184.0,0.0,1184,1184,2.396761133603239,32,32,32,1978.0,0.0,1978,1978,4.004048582995951,2.3833622517833044,7
495,1184.0,0.0,1184,1184,2.391919191919192,32,32,32,1982.0,0.0,1982,1982,4.004040404040404,2.383357383357383,7
496,1184.0,0.0,1184,1184,2.3870967741935485,32,32,32,1986.0,0.0,1986,1986,4.004032258064516,2.3833525345622117,7
497,1184.0,0.0,1184,1184,2.3822937625754528,32,32,32,1990.0,0.0,1990,1990,4.0040241448692155,2.383347705279295,7
498,1216.0,0.0,1216,1216,2.4417670682730925,32,32,32,1994.0,0.0,1994,1994,4.004016064257028,2.3833428953910882,7
499,1184.0,0.0,1184,1184,2.372745490981964,32,32,32,1998.0,0.0,1998,1998,4.004008016032064,2.3833381047809907,7
500,1184.0,0.0,1184,1184,2.368,32,32,32,2002.0,0.0,2002,2002,4.004,2.383333333333333,7
